{
    "start": {
        "0": [
            -0.46297168731689453,
            -1.058220386505127,
            1.6204006671905518,
            0.0,
            0.0,
            0.0
        ],
        "1": [
            -0.33069372177124023,
            -2.3148579597473145,
            -1.322775959968567,
            0.0,
            0.0,
            0.0
        ]
    },
    "goal": {
        "0": [
            0.3968329429626465,
            -1.058220386505127,
            1.6204006671905518,
            0.0,
            0.0,
            0.0
        ],
        "1": [
            -5.754075050354004,
            -2.3148579597473145,
            -1.322775959968567,
            0.0,
            0.0,
            0.0
        ]
    }
}